{"cameraMode":{"drawMode":0,"name":"Shaded","section":"Shading Mode"},"sceneLighting":true,"audioPlay":false,"sceneViewState":{"m_AlwaysRefresh":false,"showFog":true,"showSkybox":true,"showFlares":true,"showImageEffects":true,"showParticleSystems":true,"showVisualEffectGraphs":true,"m_FxEnabled":true},"in2DMode":false,"pivot":{"x":-2.219372510910034,"y":2.3043808937072756,"z":5.525356292724609},"rotation":{"x":0.004287920892238617,"y":-0.595965564250946,"z":0.0032794540748000147,"w":0.8031476736068726},"size":1.3758702278137208,"orthographic":false}