{"cameraMode":{"drawMode":0,"name":"Shaded","section":"Shading Mode"},"sceneLighting":true,"audioPlay":false,"sceneViewState":{"m_AlwaysRefresh":false,"showFog":true,"showSkybox":true,"showFlares":true,"showImageEffects":true,"showParticleSystems":true,"showVisualEffectGraphs":true,"m_FxEnabled":true},"in2DMode":false,"pivot":{"x":-1.3297078609466553,"y":0.928117036819458,"z":5.5028486251831059},"rotation":{"x":0.2329159379005432,"y":-0.6187219619750977,"z":0.19912631809711457,"w":0.7235844135284424},"size":1.6758701801300049,"orthographic":false}